Job Title,Company Name,AI Category,Sector,Skills Mentioned,Job Description,Date Posted,Location,Source Website,Link to Job Post,Keyword
Senior DataOps Engineer,Scripta Insights,Data Science,Healthcare,"Developer, DataOps, Python, AWS, Automation, Java, Tableau, Redis","Scripta Insightsscriptainsights.comüëÄ 1,375 views‚úÖ 60 applied
																																								(4%)Share this job:Get arok.coshort linkThis job post is closed and the position is probably filled. Please do not apply. Work for Scripta Insights and want to re-open this job? Use the edit link in the email when you posted the job!Senior DataOps EngineerAbout this opening‚óè We are only considering people in GMT+2 to GMT-8 for this role‚óè Your workday must overlap of at least 50% with Eastern Standard Time business hours‚óè We are not using recruiters for this roleCompany OverviewScripta is a venture-backed SaaS health-tech analytics company with offices in Boston, New York City and Savannah. We combine medicine, business, and technology. Doctor-driven at heart, we are dedicated to helping individuals find affordable medicine. Scripta was founded by clinicians and continues to be guided by the insights from a board of leading doctors and pharmacists.We use technology to empower and educate",2025-08-22,Remote,RemoteOK,https://remoteok.com/remote-jobs/remote-senior-dataops-engineer-scripta-insights-879958,big-data
Senior Full Stack Software Engineer,AgSquared,Data Science,Education,"Engineer, Senior, Developer, Mobile, DevOps, PHP, SQL, Web Developer, NoSQL, Ember, Symfony, DataOps, Agriculture, Farming, Farm, SQL, JavaScript, React, Linux","AgSquaredagsquared.comüëÄ 12,727 views‚úÖ 423 applied
																																								(3%)Share this job:Get arok.coshort linkThis job post is closed and the position is probably filled. Please do not apply. Work for AgSquared and want to re-open this job? Use the edit link in the email when you posted the job!About the job:Come help us lay the foundation for the future of agriculture! We are a team of innovators who have been at the forefront of empowering farms to use their data to become more productive and more sustainable for nearly 15 years. At AgSquared you will have the unique opportunity to help build a suite of products that is truly impactful on a global scale, while working with a fantastic team of talented, down-to-earth people who love their work and love working together.What we do:At AgSquared, our mission is to help farms become more sustainable and adopt a greater level of transparency without sacrificing the productivity and profitability that allows them to stay",2025-08-22,Remote,RemoteOK,https://remoteok.com/remote-jobs/remote-senior-full-stack-software-engineer-agsquared-146187,big-data
Senior Software Developer,crate.io,Data Science,Finance,"Java, Senior, Developer, Financial, Amazon, Cloud, NoSQL, Python, Engineer, Full-Time, Python, SQL, Azure, Big Data, Hadoop, Java, Hadoop","crate.iocrate.ioApply nowüëÄ 5,361 views‚úÖ 241 applied
																																								(4%)Share this job:Get arok.coshort linkcrate.io is hiring aRemote Senior Software DeveloperLocation: Remote (CET timezone preferred). Offices in Berlin, Vienna and Dornbirn\n\nPosition: Full-time employment\n\n**ABOUT CRATE.IO**\n\nCrate.io is the developer of CrateDB, a global leading-edge IoT database, extending the limits of time-series applications. The highly scalable distributed database solution combines the performance of NoSQL with the power and simplicity of standard SQL. Designed specifically to support machine data applications and IIoT, CrateDB is optimized for time series and industrial data and runs in the cloud on Azure and Amazon as well as on the edge and on-premise.\nWe are a VC and corporate funded global technology company in the IOT space, both Forbes and Gartner have recognized us as cutting edge. The company is well funded with $10M+ of fresh capital we raised in our lat",2025-08-22,Remote,RemoteOK,https://remoteok.com/remote-jobs/105109-remote-senior-software-developer-crate-io,big-data
"Senior Software Engineer Big Data (Los Angeles, CA)",HG Insights,Data Science,Healthcare,"Senior, Engineer, Developer, DevOps, English, Financial, Amazon, Java, Scala, Leader, Lead, Go, Engineering, Backend, Automation, Data Science, Big Data, Hadoop, Spark, Kubernetes, Docker, Java, Spark, Hadoop","This job post is closed and the position is probably filled. Please do not apply. Work for HG Insights and want to re-open this job? Use the edit link in the email when you posted the job!
																							ü§ñ Closed by robot after apply link errored w/ code 404 3 years ago\nAbout Us: \n\nHeadquartered in beautiful Santa Barbara, HG Insights is the global leader in technology intelligence. HG Insights uses advanced data science methodologies to help the world‚Äôs largest technology firms and the fastest growing companies accelerate their sales, marketing, and strategy efforts. \n\nWe offer a competitive salary, growth potential, and a casual yet professional environment. Get your sweat on at one of our fitness classes or go for a run along the beach which is two blocks away. You can find employees riding bikes to lunch in the funk zone or hanging out in one of our collaboration spaces. We are passionate about our jobs with a get-it-done attitude, yet we don‚Äôt take ourselves too serio",2025-08-22,üí∞ $68k - $120k*,RemoteOK,https://remoteok.com/remote-jobs/104393-remote-senior-software-engineer-big-data-hg-insights,big-data
Software Engineer Distributed Systems Big Data 100,Nira,Data Science,Healthcare,"Engineer, Developer, API, Engineering, Python, AWS, Kubernetes, Docker, Kafka","NiraüëÄ 2,212 views‚úÖ 144 applied
																																								(7%)Share this job:Get arok.coshort linkThis job post is closed and the position is probably filled. Please do not apply. Work for Nira and want to re-open this job? Use the edit link in the email when you posted the job!
																							ü§ñ Closed by robot after apply link errored w/ code 404 3 years ago\nWhat You‚Äôll Do\n\n\n* Architecture design, API design, data modeling.\n\n* Stream data processing and distributed systems.\n\n* Code standards, code reviews, technical planning/research, testing/QA.\n\n* Investigate and resolve bugs/customer issues.\n\n* Assist in scoping, estimating, and planning of projects.\n\n\n\n\nWho We‚Äôre Looking For\n\n\n* You‚Äôve got 5 years of experience with: AWS, Docker, Kubernetes, Elasticsearch, Go, gRPC/Protobuf, Kafka, Microservices, MongoDB, Python\n\n* You have high accountability and ownership of your work.\n\n* You have a bias towards action. You love to move fast, are self",2025-08-22,üí∞ $65k - $125k*,RemoteOK,https://remoteok.com/remote-jobs/104312-remote-software-engineer-distributed-systems-big-data-100-nira,big-data
Senior Data Engineer,Shopify,Data Science,Marketing & Media,"JavaScript, React, Cloud, Ruby, Senior, Engineer, Apache, Security, Mathematics, Analytics, Sales, Reliability, Engineering, Shopify, Full-Stack, SQL, Machine Learning, ML, Big Data, Spark, Kubernetes, React, MLflow, NumPy, Spark","Shopifyshopify.comüëÄ 4,063 views‚úÖ 245 applied
																																								(6%)Share this job:Get arok.coshort linkAlso hiring:Staff Software DeveloperStaff Software Developer Data PlatformSenior Staff Software EngineerSenior Data ScientistStaff Data ScientistThis job post is closed and the position is probably filled. Please do not apply. Work for Shopify and want to re-open this job? Use the edit link in the email when you posted the job!**Company Description**\n\nShopify is the leading omni-channel commerce platform. Merchants use Shopify to design, set up, and manage their stores across multiple sales channels, including mobile, web, social media, marketplaces, brick-and-mortar locations, and pop-up shops. The platform also provides merchants with a powerful back-office and a single view of their business, from payments to shipping. The Shopify platform was engineered for reliability and scale, making enterprise-level technology available to businesses of all sizes. \n\n*",2025-08-22,üá®üá¶ Canada,RemoteOK,https://remoteok.com/remote-jobs/103451-remote-senior-data-engineer-shopify,big-data
Staff Data Scientist,Shopify,Data Science,Education,"Python, Data Science, Executive, Shopify, Python, Machine Learning, Data Science, Spark, Tableau, Matplotlib, Spark","Shopifyshopify.comApply nowüëÄ 6,356 views‚úÖ 289 applied
																																								(5%)Share this job:Get arok.coshort linkAlso hiring:Staff Software DeveloperStaff Software Developer Data PlatformSenior Staff Software EngineerSenior Data ScientistSenior Software Engineer AmericasShopify is hiring aRemote Staff Data Scientist**Company Description**\n\nData is a crucial part of Shopify‚Äôs mission to make commerce better for everyone. We organize and interpret petabytes of data to provide solutions for our merchants and stakeholders across the organization. From pipelines and schema design to machine learning products and decision support, data science at Shopify is a diverse role with many opportunities to positively impact our success.\nOur Data Scientists focus on pushing products and the business forward, with a focus on solving important problems rather than specific tools. We are looking for talented data scientists to help us better understand our merchants and buyers so",2025-08-22,üá®üá¶ Canada,RemoteOK,https://remoteok.com/remote-jobs/103485-remote-staff-data-scientist-shopify,big-data
Senior Data Scientist,Shopify,Data Science,Finance,"Amazon, Python, Microsoft, Machine Learning, Artificial Intelligence, AI, Deep Learning, Neural Networks, Data Science, Senior, Web Developer, Marketing, Engineering, Shopify, Non Tech, Python, SQL, Machine Learning, Data Science","Shopifyshopify.comApply nowüëÄ 7,006 views‚úÖ 299 applied
																																								(4%)Share this job:Get arok.coshort linkAlso hiring:Staff Software DeveloperStaff Software Developer Data PlatformSenior Staff Software EngineerStaff Data ScientistSenior Software Engineer AmericasShopify is hiring aRemote Senior Data Scientist**Company Description**\n\nShopify is now permanently remote and working towards a future that is digital by default. Learn more about what this can mean for you.\n\nAt Shopify, we build products that help entrepreneurs around the world start and grow their business. We‚Äôre the world‚Äôs fastest growing commerce platform with over 1 million merchants in more than 175 different countries, with solutions from point-of-sale and online commerce to financial, shipping logistics and marketing.\n\n**Job Description**\n\nData is a crucial part of Shopify‚Äôs mission to make commerce better for everyone. We organize and interpret petabytes of data to provide solutions",2025-08-22,üá∫üá∏ United States,RemoteOK,https://remoteok.com/remote-jobs/103484-remote-senior-data-scientist-shopify,big-data
Staff Data Scientist,Shopify,Data Science,Education,"Python, Data Science, Ecommerce, Executive, Shopify, Python, Machine Learning, Data Science, Spark, Tableau, Matplotlib, Spark","Shopifyshopify.comüëÄ 6,400 views‚úÖ 444 applied
																																								(7%)Share this job:Get arok.coshort linkAlso hiring:Staff Software DeveloperStaff Software Developer Data PlatformSenior Staff Software EngineerSenior Data ScientistStaff Data ScientistThis job post is closed and the position is probably filled. Please do not apply. Work for Shopify and want to re-open this job? Use the edit link in the email when you posted the job!**Company Description**\n\nData is a crucial part of Shopify‚Äôs mission to make commerce better for everyone. We organize and interpret petabytes of data to provide solutions for our merchants and stakeholders across the organization. From pipelines and schema design to machine learning products and decision support, data science at Shopify is a diverse role with many opportunities to positively impact our success.\nOur Data Scientists focus on pushing products and the business forward, with a focus on solving important problems rather than ",2025-08-22,üá∫üá∏ United States,RemoteOK,https://remoteok.com/remote-jobs/102861-remote-staff-data-scientist-shopify,big-data
Java Python Golang Backend Engineer Big Data Data Greenfield Partners,very large,Data Science,Healthcare,"Java, Python, Golang, Engineer, Backend, NoSQL, Operations, Operational, Engineering, Linux, Python, Automation, Big Data, Java, Linux","very largeüëÄ 4,033 views‚úÖ 150 applied
																																								(4%)Share this job:Get arok.coshort linkThis job post is closed and the position is probably filled. Please do not apply. Work for very large and want to re-open this job? Use the edit link in the email when you posted the job!
																							ü§ñ Closed by robot after apply link errored w/ code 404 3 years ago\nNEEDED FOR THIS ROLE\n\n\n* JAVA, PYTHON, Golang (intermediate+ to Expert -preferred) in one or more\n\n* NoSQL DB (Cassandra, etc or time series non structured DB experience)\n\n* Big Data and Data at very large scale\n\n* Experienced battle-hardened SW engineer (large distributed systems, large scale)\n\n\n\n\nThis is NOT an SRE role! \n\nThis is a software engineering role that will work on a team that provides ALL monitoring and will be responsible for developing custom stack for data integration retrieval. The team monitors time series data ingest in upwards of 1.5M+ records a min.¬†\n\nMUST H",2025-08-22,üí∞ $70k - $120k*,RemoteOK,https://remoteok.com/remote-jobs/102561-remote-java-python-golang-backend-engineer-big-data-data-greenfield-partners-very-large,big-data
"Data Infrastructure Engineer Big Data Functional Programming Drug Discovery (San Diego, CA)",Empirico,Data Science,Healthcare,"Engineer, Scala, System, Engineering, Spark, Spark","EmpiricoüëÄ 2,000 views‚úÖ 174 applied
																																								(9%)Share this job:Get arok.coshort linkThis job post is closed and the position is probably filled. Please do not apply. Work for Empirico and want to re-open this job? Use the edit link in the email when you posted the job!
																							ü§ñ Closed by robot after apply link errored w/ code 404 3 years ago\nEmpirico, an early-stage biotechnology company, is looking for a talented software engineer that is motivated by the opportunity to build scalable data systems that power the discovery of new medicines. You will work closely with a team of engineers and computational scientists to build and extend Empirico‚Äôs data infrastructure, which include modern cloud-based systems and services that operate on some of the largest biological datasets in the world.\n\nResponsibilities:\n\nYour responsibilities will focus around designing and implementing robust and extensible data systems. You will be expected to:\n",2025-08-22,üí∞ $85k - $130k*,RemoteOK,https://remoteok.com/remote-jobs/102069-remote-data-infrastructure-engineer-big-data-functional-programming-drug-discovery-empirico,big-data
Senior Data Engineer,Clevertech,Data Science,Finance,"Senior, Engineer, Executive, English, Financial, Cloud, Go, React","Clevertechclevertech.bizüëÄ 5,627 views‚úÖ 641 applied
																																								(11%)Share this job:Get arok.coshort linkAlso hiring:Sr React Engineer Redux SagaSr Video Infrastructure Engineer Audio ExpertThis job post is closed and the position is probably filled. Please do not apply. Work for Clevertech and want to re-open this job? Use the edit link in the email when you posted the job!**Working at Clevertech**\n\nPeople do their best work when they‚Äôre cared for and in the right environment:\n* RemoteNative‚Ñ¢: Pioneers in the industry, we are committed to remote work.\n* Flexibility: Wherever your are, and wherever you want to go. We embrace the freedom gained through trust and professionalism.\n* Team: Be part of an amazing team of senior engineers that you can rely on.\n* Growth: Become a master in the art of remote work and effective communication.\n* Compensation: Best in class compensation for remote workers plus the swag you want.\n* Cutting Edge: Stay sharp in your",2025-08-22,üá∫üá∏ United States,RemoteOK,https://remoteok.com/remote-jobs/100063-remote-senior-data-engineer-clevertech,big-data
Senior Data Engineer Spark,Clevertech,Data Science,Finance,"Senior, Engineer, Apache, Hadoop, English, Financial, Go, Spark, React, Spark","Clevertechclevertech.bizüëÄ 25,824 views‚úÖ 711 applied
																																								(3%)Share this job:Get arok.coshort linkAlso hiring:Sr React Engineer Redux SagaSr Video Infrastructure Engineer Audio ExpertThis job post is closed and the position is probably filled. Please do not apply. Work for Clevertech and want to re-open this job? Use the edit link in the email when you posted the job!**Working at Clevertech**\n\nPeople do their best work when they‚Äôre cared for and in the right environment:\n* RemoteNative‚Ñ¢: Pioneers in the industry, we are committed to remote work.\n* Flexibility: Wherever your are, and wherever you want to go. We embrace the freedom gained through trust and professionalism.\n* Team: Be part of an amazing team of senior engineers that you can rely on.\n* Growth: Become a master in the art of remote work and effective communication.\n* Compensation: Best in class compensation for remote workers plus the swag you want.\n* Cutting Edge: Stay sharp in your",2025-08-22,üá∫üá∏ United States,RemoteOK,https://remoteok.com/remote-jobs/100061-remote-senior-data-engineer-spark-clevertech,big-data
Senior Big Data Engineer,Kubevisor,Data Science,Healthcare,"Senior, Engineer, Cloud, Engineering, Apache, Linux, Python, AWS, Machine Learning, Big Data, Hadoop, Spark, Kubernetes, Linux, Spark, Hadoop","KubevisorüëÄ 4,038 views‚úÖ 153 applied
																																								(4%)Share this job:Get arok.coshort linkThis job post is closed and the position is probably filled. Please do not apply. Work for Kubevisor and want to re-open this job? Use the edit link in the email when you posted the job!
																							ü§ñ Closed by robot after apply link errored w/ code 404 3 years ago\nDescription\n\nA successful candidate will be a person who enjoys diving deep into data, doing analysis, discovering root causes, and designing long-term solutions. It will be a person that wants to innovate in the world of cloud big data engineering and machine learning. Major responsibilities include:\n\n\n* Understand the client's business need and guide them to a solution using Apache Spark, Hadoop, Kubernetes, AWS etc.\n\n* Lead the customer projects by being able to deliver a Spark project on AWS from beginning to end, including understanding the business need, aggregating data, exploring data",2025-08-22,üí∞ $70k - $120k*,RemoteOK,https://remoteok.com/remote-jobs/100191-remote-senior-big-data-engineer-kubevisor,big-data
Big Data Developers,Mission Focus,Data Science,Healthcare,"Security, Cloud, UX, UI, Operational, System, Engineering, Big Data, JavaScript, Git","Mission FocusüëÄ 1,719 views‚úÖ 121 applied
																																								(7%)Share this job:Get arok.coshort linkThis job post is closed and the position is probably filled. Please do not apply. Work for Mission Focus and want to re-open this job? Use the edit link in the email when you posted the job!
																							ü§ñ Closed by robot after apply link errored w/ code 404 3 years ago\nMission Focus works¬†closely with the¬†Department of Defense Intelligence Community¬†to create Big Data solutions. ¬†If you want to be on the leading¬†edge of technology, and you love to code, Mission Focus is where you want to be.\n\nWe:\n\n\n* Are a small but mighty team of professional software engineers\n\n* Employ an agile, test-driven development methodology\n\n* Avoid crunch-time by managing our code and ourselves well\n\n* Are building something magnificent\n\n\n\n\nYou:\n\n\n* Focus and get things done\n\n* Are eager to learn and happy to teach\n\n* Dream in code, think in abstractions, ",2025-08-22,üí∞ $70k - $120k*,RemoteOK,https://remoteok.com/remote-jobs/99831-remote-big-data-developers-mission-focus,big-data
Big Data Engineer,BairesDev,Data Science,Healthcare,"Engineer, English, Cloud, Python, AWS, GCP, Azure, Machine Learning, Big Data, Java","BairesDevüëÄ 2,464 views‚úÖ 72 applied
																																								(3%)Share this job:Get arok.coshort linkThis job post is closed and the position is probably filled. Please do not apply. Work for BairesDev and want to re-open this job? Use the edit link in the email when you posted the job!
																							ü§ñ Closed by robot after apply link errored w/ code 404 3 years ago\nAt BairesDev (Glassdoor Employee Score: 4.3), we are proud of being one of the fastest-growing companies in the industry because we don't sacrifice quality. With more than 1300 collaborators, and providing talent to companies such as Google, Pinterest and Udemy, we continue to rapidly add talent to our multicultural team who will help us get to the next level.\n\n\nBig Data Engineers will face numerous business-impacting challenges, so they must be ready to use state of the art technologies and be familiar with different IT domains such as Machine Learning, Data Analysis, Mobile, Web, IoT, etc. They ",2025-08-22,üí∞ $70k - $120k*,RemoteOK,https://remoteok.com/remote-jobs/98802-remote-big-data-engineer-bairesdev,big-data
Senior Big Data Scalability Engineer,VividCortex Database Performance Monitoring,Data Science,Healthcare,"Senior, Engineer, DevOps, Security, MySQL, Lead, SaaS, System, Go, Engineering, Linux, Backend, SQL, AWS, Automation, Big Data, Java, Git, Linux, Kafka, Redis","This job post is closed and the position is probably filled. Please do not apply. Work for VividCortex Database Performance Monitoring and want to re-open this job? Use the edit link in the email when you posted the job!
																							ü§ñ Closed by robot after apply link errored w/ code 404 3 years ago*Only candidates residing inside of the United States will be considered for this role*\n\nAbout VividCortex\n\nAre you excited by designing and developing a high volume, highly available, and highly scalable SaaS product in AWS that supports Fortune 500 companies? Do you love the energy and excitement of being a part of growing and successful startup company? Are you passionate about diving deep into technologies such as microservices/APIs, database design, and data architecture?\n\nVividCortex, founded in 2012, is building a world-class company with a mixed discipline team to provide incredible value for our customers. Hundreds of industry leaders like GitHub, SendGrid, Etsy, Yel",2025-08-22,üí∞ $70k - $120k*,RemoteOK,https://remoteok.com/remote-jobs/96788-remote-senior-big-data-scalability-engineer-vividcortex-database-performance-monitoring,big-data
Big Data Systems Engineer,Andalus,Data Science,Healthcare,"Engineer, System, Health, Big Data, Kubernetes","AndalusApply nowüëÄ 3,407 views‚úÖ 51 applied
																																								(1%)Share this job:Get arok.coshort linkAndalus is hiring aRemote Big Data Systems EngineerAndalus is a start-up aiming to utilize the latest technologies to help clients solve their data needs. We are hackers by nature and like to think of innovative solutions to solving issues that have long been considered status-quo. We aim to empower our clients with state-of-art infrastructure components allowing them to be a data-enabled organization.\n\nYou will be working first-hand on developing the first major release of our Andalus platform targeted to empower important organizations in the MENA region.\n\n\n**Responsibilities:\n**\n* Design, build, and maintain the core data computation infrastructure used by Andalus\n* Debug issues across services and levels of the stack\n* Think and suggest the right hardware specs and components that would run well with the developed software and adhere to clients‚Äô require",2025-08-22,üí∞ $80k - $120k*,RemoteOK,https://remoteok.com/remote-jobs/86498-remote-big-data-systems-engineer-andalus,big-data
Big Data Developer,PriceSenz,Data Science,Healthcare,"Developer, AWS, Big Data, Hadoop, Spark, Spark, Hadoop, Kafka","PriceSenzüëÄ 3,690 views‚úÖ 440 applied
																																								(12%)Share this job:Get arok.coshort linkThis job post is closed and the position is probably filled. Please do not apply. Work for PriceSenz and want to re-open this job? Use the edit link in the email when you posted the job!
																							ü§ñ Closed by robot after apply link errored w/ code 404 3 years ago\nPriceSenz is looking for a smart, self-motivated Big Data developers interested in contract/fulltime positions. This is a remote opportunity.¬†\n\n\n* 5+ years of experience of IT platform development in Data Lake/Hadoop, Spark platform implementation.\n\n* Experience with developing data lake on Hortonworks platform (Any 3 from this list) with ecosystem tools (Nifi, Atlas, Ranger, Hive, HBase).\n\n* Experience building ETLs and data transformation routines.\n\n* Experience with one or more relevant tools (Sqoop, Flume, Kafka, Oozie, Hue, Zookeeper, Avro, PARQUET, ORC).\n\n* Implementation experienc",2025-08-22,üí∞ $60k - $130k*,RemoteOK,https://remoteok.com/remote-jobs/84583-remote-big-data-developer-pricesenz,big-data
