title,company,url,description,skills,keyword
Senior Full Stack Engineer,FetLife,https://remoteok.com/remote-jobs/remote-senior-full-stack-engineer-fetlife-1093764,N/A,,kubernetes
Software engineer,Sticker Mule,https://remoteok.com/remote-jobs/remote-software-engineer-sticker-mule-1093738,N/A,,kubernetes
Senior DevOps Engineer,FetLife,https://remoteok.com/remote-jobs/remote-senior-devops-engineer-fetlife-1093624,N/A,,kubernetes
Cloud & DevOps Engineer,IN4IT,https://remoteok.com/remote-jobs/remote-cloud-devops-engineer-in4it-1066254,N/A,,kubernetes
Software Engineer,Jump,https://remoteok.com/remote-jobs/remote-software-engineer-jump-1059244,N/A,,kubernetes
Site Reliability Engineer,Sticker Mule,https://remoteok.com/remote-jobs/remote-site-reliability-engineer-sticker-mule-1038779,N/A,,kubernetes
Senior Fullstack Developer,Pupil Labs,https://remoteok.com/remote-jobs/remote-senior-fullstack-developer-pupil-labs-830779,N/A,,kubernetes
Senior DevOps Engineer,FetLife,https://remoteok.com/remote-jobs/remote-senior-devops-engineer-fetlife-800793,N/A,,kubernetes
DevOps Solution Architect,Skyscrapers,https://remoteok.com/remote-jobs/remote-devops-solution-architect-skyscrapers-724629,N/A,,kubernetes
Senior Backend Software Engineer,Center,https://remoteok.com/remote-jobs/remote-senior-backend-software-engineer-center-653409,N/A,,kubernetes
Site Reliability Engineer,Sticker Mule,https://remoteok.com/remote-jobs/remote-site-reliability-engineer-sticker-mule-541597,N/A,,kubernetes
Senior DevOps Engineer,Revelator,https://remoteok.com/remote-jobs/remote-senior-devops-engineer-revelator-602513,N/A,,kubernetes
Python Developer,Ampcontrol,https://remoteok.com/remote-jobs/remote-python-developer-ampcontrol-464140,N/A,,kubernetes
Product Support Engineer,The Linux Foundation,https://remoteok.com/remote-jobs/remote-product-support-engineer-the-linux-foundation-458399,N/A,,kubernetes
Full Stack Dev,Likvido,https://remoteok.com/remote-jobs/remote-full-stack-dev-likvido-410955,N/A,,kubernetes
Senior Data Engineer,Proxify,https://remoteok.com/remote-jobs/remote-senior-data-engineer-proxify-382228,N/A,,kubernetes
Senior Ruby & React Developer,Lemon.io,https://remoteok.com/remote-jobs/remote-senior-ruby-react-developer-lemon-io-342955,N/A,,kubernetes
Developer Cloud Support Engineer,Skyscrapers,https://remoteok.com/remote-jobs/remote-developer-cloud-support-engineer-skyscrapers-295438,N/A,,kubernetes
Site Reliability Engineer,Sticker Mule,https://remoteok.com/remote-jobs/remote-site-reliability-engineer-sticker-mule-154372,N/A,,kubernetes
DevOps Solution Architect,Skyscrapers,https://remoteok.com/remote-jobs/remote-devops-solution-architect-skyscrapers-261033,N/A,,kubernetes
