title,company,url,description,skills
Founding AI Engineer,Dimension,https://remoteok.com/remote-jobs/remote-founding-ai-engineer-dimension-701467,N/A,
Machine learning engineer for large scale ML project,OneSecondDelivery,https://remoteok.com/remote-jobs/106921-remote-machine-learning-engineer-for-large-scale-ml-project-oneseconddelivery,N/A,
Full Stack Developer,AMNESIA media,https://remoteok.com/remote-jobs/104488-remote-full-stack-developer-amnesia-media,N/A,
Data Scientist,Ampcontrol,https://remoteok.com/remote-jobs/103561-remote-data-scientist-ampcontrol,N/A,
Senior Data Scientist,Shopify,https://remoteok.com/remote-jobs/103484-remote-senior-data-scientist-shopify,N/A,
Senior Data Scientist,NannyML,https://remoteok.com/remote-jobs/103333-remote-senior-data-scientist-nannyml,N/A,
Technical Community Manager,Iterative,https://remoteok.com/remote-jobs/99931-remote-technical-community-manager-iterative,N/A,
CTO,neuronbits,https://remoteok.com/remote-jobs/99223-remote-cto-neuronbits,N/A,
Senior Software Engineer,neuronbits,https://remoteok.com/remote-jobs/99221-remote-senior-software-engineer-neuronbits,N/A,
Machine Learning Engineer,neuronbits,https://remoteok.com/remote-jobs/99219-remote-machine-learning-engineer-neuronbits,N/A,
Senior NLP Software Engineer,neuronbits,https://remoteok.com/remote-jobs/99218-remote-senior-nlp-software-engineer-neuronbits,N/A,
Machine Learning Engineer,Senseye,https://remoteok.com/remote-jobs/71779-remote-machine-learning-engineer-senseye,N/A,
Machine Learning Engineer,Senseye,https://remoteok.com/remote-jobs/63109-remote-machine-learning-engineer-senseye,N/A,
Machine Learning Engineer,Senseye,https://remoteok.com/remote-jobs/61811-remote-machine-learning-engineer-senseye,N/A,
VP Machine Learning,Sway Ops,https://remoteok.com/remote-jobs/12579-remote-vp-machine-learning-sway-ops,N/A,
Golang developer with knowledge within machine learning,Real Audience AB,https://remoteok.com/remote-jobs/12090-remote-golang-developer-with-knowledge-within-machine-learning-real-audience-ab,N/A,
Golang Software Engineer,NodePrime,https://remoteok.com/remote-jobs/9466-remote-golang-software-engineer-nodeprime,N/A,
